{"cameraMode":{"drawMode":0,"name":"Shaded","section":"Shading Mode"},"sceneLighting":true,"audioPlay":false,"sceneViewState":{"showFog":true,"showMaterialUpdate":false,"showSkybox":true,"showFlares":true,"showImageEffects":true,"showParticleSystems":true},"in2DMode":false,"pivot":{"x":19.287273406982423,"y":-2.0668020248413088,"z":12.954346656799317},"rotation":{"x":0.17847228050231934,"y":0.5927812457084656,"z":-0.13680319488048554,"w":0.7733323574066162},"size":46.089263916015628,"orthographic":false}